data_index_,solar_prediction_mw,wind_prediction_mw,load_actuals_mw,dayofweek,total_gen
2020-01-01 00:00:00+00:00,1063.7509934559394,2824.061317921755,8931.046099501433,2,3887.812311377694
2020-01-02 00:00:00+00:00,303.6843587118617,10136.241267767393,10287.299968176514,3,10439.925626479255
2020-01-03 00:00:00+00:00,115.01384800461334,13401.7887247516,10396.662102471624,4,13516.802572756213
2020-01-04 00:00:00+00:00,670.1025692375991,9741.165035245029,9893.106810225947,5,10411.267604482628
2020-01-05 00:00:00+00:00,646.241472116167,4266.122361891114,9818.553866553517,6,4912.363834007281
2020-01-06 00:00:00+00:00,1066.4588157977091,9792.939403837441,11069.136081468123,0,10859.39821963515
2020-01-07 00:00:00+00:00,630.8285151184658,11213.453696776844,11374.71843004137,1,11844.28221189531
2020-01-08 00:00:00+00:00,129.04878888402078,8278.716269611303,11425.25371167922,2,8407.765058495324
2020-01-09 00:00:00+00:00,166.15681917756774,15269.252399717618,11129.58582369789,3,15435.409218895185
2020-01-10 00:00:00+00:00,587.747230393691,7132.921570590157,11215.660428556275,4,7720.668800983848
2020-01-11 00:00:00+00:00,859.7945484133442,13061.397605023865,10120.263850641773,5,13921.192153437209
2020-01-12 00:00:00+00:00,257.87851286223946,14927.816177942617,9690.988189243662,6,15185.694690804858
2020-01-13 00:00:00+00:00,826.9856668961633,13851.97877922598,10942.643854884906,0,14678.964446122143
2020-01-14 00:00:00+00:00,117.2779620704763,19287.826503840603,11078.52274318447,1,19405.104465911078
2020-01-15 00:00:00+00:00,518.0493834887651,16521.570458448798,11096.111602842897,2,17039.61984193756
2020-01-16 00:00:00+00:00,1105.2880703511298,13213.123109991886,11077.796181181711,3,14318.411180343015
2020-01-17 00:00:00+00:00,300.14630406208926,12318.008023644199,11107.768513843217,4,12618.154327706288
2020-01-18 00:00:00+00:00,963.4200726043688,8563.21188110466,10320.491030020155,5,9526.63195370903
2020-01-19 00:00:00+00:00,1260.6794141578519,8655.950035297712,10065.886175877798,6,9916.629449455564
2020-01-20 00:00:00+00:00,1120.4465794579708,650.8746720473727,11812.485399384746,0,1771.3212515053433
2020-01-21 00:00:00+00:00,1403.7131501533454,849.6956230836503,12123.739367773416,1,2253.408773236996
2020-01-22 00:00:00+00:00,428.78911870624694,512.4029312906318,12285.3410395672,2,941.1920499968787
2020-01-23 00:00:00+00:00,850.5173060736944,826.266107874024,12074.253841094729,3,1676.7834139477184
2020-01-24 00:00:00+00:00,790.6365400262878,530.0722022611609,12147.816431526466,4,1320.7087422874488
2020-01-25 00:00:00+00:00,507.92919109017515,1643.3956399422593,11011.856378487324,5,2151.3248310324343
2020-01-26 00:00:00+00:00,1079.6731238655568,11055.148066001453,9965.713563169618,6,12134.82118986701
2020-01-27 00:00:00+00:00,559.6130374913938,12852.203341165561,11201.405747321523,0,13411.816378656955
2020-01-28 00:00:00+00:00,1292.7489516179508,16262.840201460376,11105.437889042114,1,17555.589153078326
2020-01-29 00:00:00+00:00,1480.432809663892,15605.091036488351,11298.822185212686,2,17085.523846152242
2020-01-30 00:00:00+00:00,443.5673155160543,15806.252436595825,11104.525331494644,3,16249.81975211188
2020-01-31 00:00:00+00:00,351.0319521812605,16009.38352808539,10624.083042325236,4,16360.415480266649
2020-02-01 00:00:00+00:00,517.3961006446767,16864.842688105196,9435.905632756974,5,17382.238788749873
2020-02-02 00:00:00+00:00,256.376353508168,13576.1199121245,9442.005507584598,6,13832.496265632668
2020-02-03 00:00:00+00:00,567.2724854478313,14351.611314233935,10819.5901113822,0,14918.883799681766
2020-02-04 00:00:00+00:00,683.602444057653,14216.558710105683,11111.174104168877,1,14900.161154163336
2020-02-05 00:00:00+00:00,1700.8746948738813,1083.4138946547673,11667.211301580566,2,2784.2885895286486
2020-02-06 00:00:00+00:00,1656.0407147774924,556.9215126386885,11601.883152646653,3,2212.962227416181
2020-02-07 00:00:00+00:00,2640.5418726919947,8730.283988536146,11135.552937307733,4,11370.82586122814
2020-02-08 00:00:00+00:00,521.8126056205796,10670.087559400255,10022.377933594993,5,11191.900165020836
2020-02-09 00:00:00+00:00,384.65841522188146,15932.446368550265,9313.877623846398,6,16317.104783772147
2020-02-10 00:00:00+00:00,1412.8278149840394,19679.727917856428,10388.772926699905,0,21092.55573284047
2020-02-11 00:00:00+00:00,2193.5986105025972,19086.0730768015,10852.081661185955,1,21279.671687304097
2020-02-12 00:00:00+00:00,1995.5248169243287,15431.955756688127,11012.265049326403,2,17427.480573612454
2020-02-13 00:00:00+00:00,762.7035738335992,16405.772888195814,11053.761315370744,3,17168.47646202941
2020-02-14 00:00:00+00:00,1579.7037143513119,10106.468700938814,10931.304835048266,4,11686.172415290126
2020-02-15 00:00:00+00:00,985.4634787507041,17503.074720515873,9756.606854778827,5,18488.53819926658
2020-02-16 00:00:00+00:00,488.8276898040934,18428.33971677537,9179.456728545667,6,18917.16740657946
2020-02-17 00:00:00+00:00,1936.3538211178568,17654.773225367993,10440.391505250875,0,19591.12704648585
2020-02-18 00:00:00+00:00,1572.3813920010014,17561.16053083545,10666.728174392701,1,19133.541922836448
2020-02-19 00:00:00+00:00,2035.0816799148777,14293.903505536999,10906.693588628408,2,16328.985185451877
2020-02-20 00:00:00+00:00,830.5220003755398,17252.852134194527,10816.278763127188,3,18083.374134570066
2020-02-21 00:00:00+00:00,1670.5567375951466,15730.089719409527,10794.408218945582,4,17400.646457004674
2020-02-22 00:00:00+00:00,482.63519434186645,18749.70036456742,9680.13617693858,5,19232.335558909286
2020-02-23 00:00:00+00:00,254.2365588032797,15229.437765391383,9424.04790283229,6,15483.674324194662
2020-02-24 00:00:00+00:00,325.20576453652126,13592.294326901972,10707.638646441073,0,13917.500091438495
2020-02-25 00:00:00+00:00,2011.1449270826813,14295.04989264265,10656.080551607085,1,16306.194819725331
2020-02-26 00:00:00+00:00,1414.3847405645615,14461.964639497131,11300.956535483187,2,15876.349380061693
2020-02-27 00:00:00+00:00,434.90642799023595,11081.740044810023,11509.070185637,3,11516.64647280026
2020-02-28 00:00:00+00:00,1005.4883582650059,13362.404311927558,11043.52766521693,4,14367.892670192563
2020-02-29 00:00:00+00:00,1261.896006759717,18843.266697438983,9633.372742123687,5,20105.1627041987
2020-03-01 00:00:00+00:00,1826.0116104400074,15440.97420311803,9346.685982815317,6,17266.985813558036
2020-03-02 00:00:00+00:00,818.5673155160544,9718.852754468036,10713.150887875252,0,10537.420069984091
2020-03-03 00:00:00+00:00,2566.9595355823994,10866.833450890495,10879.665806725363,1,13433.792986472894
2020-03-04 00:00:00+00:00,2345.821336921825,6389.807664381217,10946.155372865174,2,8735.629001303043
2020-03-05 00:00:00+00:00,391.8758214933967,9071.696038669392,11060.847540044553,3,9463.571860162789
2020-03-06 00:00:00+00:00,1320.1913861787134,10948.67787090149,10710.24615466214,4,12268.869257080205
2020-03-07 00:00:00+00:00,2812.9224823183326,8024.952804256952,9429.191615572292,5,10837.875286575285
2020-03-08 00:00:00+00:00,887.901358202416,15180.063429004118,8951.118470351119,6,16067.964787206534
2020-03-09 00:00:00+00:00,2502.1671778181135,12117.184177497484,10300.911942293413,0,14619.351355315597
2020-03-10 00:00:00+00:00,421.60997058271266,18610.596222266016,10350.930028641136,1,19032.206192848727
2020-03-11 00:00:00+00:00,1069.948206797271,14225.650108394619,10319.087136947066,2,15295.59831519189
2020-03-12 00:00:00+00:00,3253.48688119586,17884.19733525574,9986.760922881087,3,21137.6842164516
2020-03-13 00:00:00+00:00,2392.25849829565,10726.230330785109,10224.304391641032,4,13118.48882908076
2020-03-14 00:00:00+00:00,2106.8150545704725,8385.075124212972,9230.33792510873,5,10491.890178783444
2020-03-15 00:00:00+00:00,1863.1711855396068,12512.47705042165,8817.832916092077,6,14375.648235961256
2020-03-16 00:00:00+00:00,2631.219313881853,1124.0308017052703,10319.83371592235,0,3755.250115587123
2020-03-17 00:00:00+00:00,4363.460455952716,8168.054446253903,9974.926564124324,1,12531.514902206618
2020-03-18 00:00:00+00:00,4130.828407918191,10062.382658935554,9740.519051660125,2,14193.211066853746
2020-03-19 00:00:00+00:00,2113.233730493793,5081.967595714004,10017.190399915138,3,7195.201326207797
2020-03-20 00:00:00+00:00,1035.1815367295244,12462.820386486459,9704.119106820834,4,13498.001923215983
2020-03-21 00:00:00+00:00,3314.7301185226884,15542.922842739634,8722.012209610693,5,18857.652961262324
2020-03-22 00:00:00+00:00,5227.839540920037,15305.721446575455,8423.48817014957,6,20533.56098749549
2020-03-23 00:00:00+00:00,5286.99924946055,11489.238333316045,9241.542127930412,0,16776.237582776594
2020-03-24 00:00:00+00:00,5398.7827188291585,5889.451103135664,9512.52941338708,1,11288.233821964823
2020-03-25 00:00:00+00:00,5384.811739687901,5322.157623409089,9378.710758459743,2,10706.969363096989
2020-03-26 00:00:00+00:00,5352.68399939628,7934.950911240885,9133.238079983028,3,13287.634910637165
2020-03-27 00:00:00+00:00,5079.47118241236,10213.139346727934,9093.360375517132,4,15292.610529140293
2020-03-28 00:00:00+00:00,5127.751977984177,13883.270924310475,8301.94770976981,5,19011.02290229465
2020-03-29 00:00:00+00:00,3941.629921506083,15995.275887643014,8335.747936777341,6,19936.9058091491
2020-03-30 00:00:00+00:00,4043.6759233198864,6165.277158297634,9459.839548106504,0,10208.953081617521
2020-03-31 00:00:00+00:00,5178.347757722577,5188.956714761376,9338.029886496233,1,10367.304472483953
2020-04-01 00:00:00+00:00,5255.328048284705,649.5450278506747,9042.189095152222,2,5904.87307613538
2020-04-02 00:00:00+00:00,3263.67862053022,5664.446694742083,9072.199297761748,3,8928.125315272304
2020-04-03 00:00:00+00:00,3424.707602339182,3273.8630234319085,8877.243074148722,4,6698.57062577109
2020-04-04 00:00:00+00:00,4777.953685461426,2936.5262636530542,8134.503029595842,5,7714.47994911448
2020-04-05 00:00:00+00:00,5433.100353378992,8908.971210596741,7563.428325023868,6,14342.071563975733
2020-04-06 00:00:00+00:00,4613.515182787629,8479.231279886315,8763.990505993423,0,13092.746462673944
2020-04-07 00:00:00+00:00,4847.484129217875,3235.7958965635275,8946.854638803437,1,8083.280025781403
2020-04-08 00:00:00+00:00,4870.539762954624,1300.872861929113,8984.34653654397,2,6171.412624883737
2020-04-09 00:00:00+00:00,5376.532351377553,5262.020652027342,8828.244338601888,3,10638.553003404895
2020-04-10 00:00:00+00:00,5581.429621290303,4826.0123746201,8717.51315158587,4,10407.441995910402
2020-04-11 00:00:00+00:00,5614.070269256028,2255.789906334602,8111.976794314204,5,7869.86017559063
2020-04-12 00:00:00+00:00,4752.650342433624,2342.673509185018,7787.9286262862,6,7095.323851618642
2020-04-13 00:00:00+00:00,4646.70309910248,13119.010419367887,7518.801512676355,0,17765.713518470366
2020-04-14 00:00:00+00:00,4566.211652124965,2862.907387430373,9056.731263392383,1,7429.1190395553385
2020-04-15 00:00:00+00:00,5895.7414704318735,2027.6399794620722,8938.12994377851,2,7923.3814498939455
2020-04-16 00:00:00+00:00,5555.407011289365,2902.656835084589,8854.512882147024,3,8458.063846373954
2020-04-17 00:00:00+00:00,5298.910154173313,8843.147411495016,8527.314908242282,4,14142.057565668329
2020-04-18 00:00:00+00:00,3549.414422866436,3516.6533550468325,8290.93967327888,5,7066.067777913268
2020-04-19 00:00:00+00:00,4668.144291209307,9175.800901386829,7800.992351755595,6,13843.945192596137
2020-04-20 00:00:00+00:00,6320.284892266317,15797.047283910919,8197.341067147554,0,22117.332176177235
2020-04-21 00:00:00+00:00,6324.01022610001,15467.327968923419,8251.043683038082,1,21791.33819502343
2020-04-22 00:00:00+00:00,6409.040091315634,11896.661419813914,8571.32638803437,2,18305.701511129548
2020-04-23 00:00:00+00:00,6399.5371673390255,4026.7116236372876,8763.95469184258,3,10426.248790976313
2020-04-24 00:00:00+00:00,6065.843924493943,2360.1223199560195,8684.377704465896,4,8425.966244449963
2020-04-25 00:00:00+00:00,5880.382775119618,2344.9107689275675,8083.449362469502,5,8225.293544047185
2020-04-26 00:00:00+00:00,6304.343747068206,690.484741771863,7793.005038718575,6,6994.8284888400685
2020-04-27 00:00:00+00:00,5035.361353472809,1708.2476012347586,8720.138188182878,0,6743.608954707568
2020-04-28 00:00:00+00:00,1930.1848141403389,8531.796427350515,9229.981298398217,1,10461.981241490854
2020-04-29 00:00:00+00:00,3449.557494449136,6024.51795764048,9105.932332661505,2,9474.075452089615
2020-04-30 00:00:00+00:00,4942.145917378116,14620.351142155938,8705.78710088045,3,19562.497059534053
2020-05-01 00:00:00+00:00,3716.0068174000066,11959.9875503217,7888.798803436936,4,15675.994367721707
2020-05-02 00:00:00+00:00,4608.996309847704,7719.462571879034,8065.071401294155,5,12328.458881726738
2020-05-03 00:00:00+00:00,4468.926884948557,1277.1501206700375,8109.248751458576,6,5746.077005618595
2020-05-04 00:00:00+00:00,2842.96525627795,4386.817627519912,9163.734424525299,0,7229.782883797862
2020-05-05 00:00:00+00:00,6197.251149263534,10970.826806606494,9097.208503235388,1,17168.077955870027
2020-05-06 00:00:00+00:00,6449.178315664384,3807.2257881819896,9287.426979951204,2,10256.404103846373
2020-05-07 00:00:00+00:00,6265.7339650373715,794.8609360729429,9340.872621194441,3,7060.594901110315
2020-05-08 00:00:00+00:00,5696.4771554554845,976.1262111649123,9186.051725893709,4,6672.603366620397
2020-05-09 00:00:00+00:00,5526.003064702756,3860.3397384547093,8278.119289275486,5,9386.342803157466
2020-05-10 00:00:00+00:00,1995.273946899334,8442.010776114987,7992.987578232735,6,10437.28472301432
2020-05-11 00:00:00+00:00,5178.745660943804,15856.028271994857,8830.320369152434,0,21034.77393293866
2020-05-12 00:00:00+00:00,4283.700003127248,1591.6269535535157,9556.442755913864,1,5875.326956680764
2020-05-13 00:00:00+00:00,4387.3526284517,8871.159223221712,9321.373817757505,2,13258.511851673411
2020-05-14 00:00:00+00:00,6225.912374519186,7811.7203006291165,9329.887090272621,3,14037.632675148303
2020-05-15 00:00:00+00:00,6030.068486724834,2132.018251024292,9356.985418478836,4,8162.086737749126
2020-05-16 00:00:00+00:00,4804.347656127842,2152.2770410584267,8547.504784130688,5,6956.624697186269
2020-05-17 00:00:00+00:00,4795.93535978985,2108.852410084239,8248.491248541424,6,6904.787769874089
2020-05-18 00:00:00+00:00,5951.9210290547735,5557.009577068101,9142.229054842473,0,11508.930606122874
2020-05-19 00:00:00+00:00,5810.797604528256,1731.9460530948165,9333.265522435557,1,7542.743657623072
2020-05-20 00:00:00+00:00,5526.870875942084,1180.637051058988,9287.614923093242,2,6707.507927001072
2020-05-21 00:00:00+00:00,6037.065703474373,2710.0927858196123,8127.618705844913,3,8747.158489293985
2020-05-22 00:00:00+00:00,2594.4445225440054,12408.591808723959,8274.909107881616,4,15003.036331267964
2020-05-23 00:00:00+00:00,5077.91146761735,14035.273025526943,7754.160967433966,5,19113.184493144294
2020-05-24 00:00:00+00:00,3949.809099098887,8356.081846430157,7869.85755383473,6,12305.890945529045
2020-05-25 00:00:00+00:00,5287.7224254933235,1202.0419513340034,9171.172623316008,0,6489.7643768273265
2020-05-26 00:00:00+00:00,6547.878162429247,1180.8736714815627,9380.94216399703,1,7728.75183391081
2020-05-27 00:00:00+00:00,6132.88457328705,3790.2108026470873,9302.31646971465,2,9923.095375934137
2020-05-28 00:00:00+00:00,6888.650436251056,8085.5086254840835,9122.822870478412,3,14974.15906173514
2020-05-29 00:00:00+00:00,6903.551771585828,6384.0840557378215,9067.275555319826,4,13287.63582732365
2020-05-30 00:00:00+00:00,6719.857241142072,7859.990866834363,8109.846231038507,5,14579.848107976435
2020-05-31 00:00:00+00:00,6541.279669762643,8826.207720841476,7735.608912697571,6,15367.487390604118
2020-06-01 00:00:00+00:00,6628.049066516559,7062.095959467113,7885.624003394505,0,13690.145025983671
2020-06-02 00:00:00+00:00,6562.2635018919855,1582.3624029920047,9356.709617057388,1,8144.62590488399
2020-06-03 00:00:00+00:00,5468.348344122339,3884.0770400379615,9491.052283865492,2,9352.4253841603
2020-06-04 00:00:00+00:00,1981.306876817713,8109.634979514156,9615.990652381457,3,10090.941856331869
2020-06-05 00:00:00+00:00,2924.7193295180914,8937.678900346447,9364.078135143736,4,11862.398229864539
2020-06-06 00:00:00+00:00,5455.827626106265,14070.331753312686,8081.95804391641,5,19526.15937941895
2020-06-07 00:00:00+00:00,5513.974888200895,5981.915439131788,8135.875111912591,6,11495.890327332683
2020-06-08 00:00:00+00:00,3876.1805360102576,5329.433029404711,9519.760950461441,0,9205.61356541497
2020-06-09 00:00:00+00:00,3910.6662601244648,1704.7946568429861,9764.230291715287,1,5615.460916967451
2020-06-10 00:00:00+00:00,3776.7496950933487,1204.857160350836,9770.245878858597,2,4981.6068554441845
2020-06-11 00:00:00+00:00,4675.20858122293,6561.526412196603,9639.5444616527,3,11236.734993419534
2020-06-12 00:00:00+00:00,4071.789880226413,5200.100515845277,9557.563922775007,4,9271.89039607169
2020-06-13 00:00:00+00:00,5802.256309222254,2062.3249263989305,8394.442677415933,5,7864.5812356211845
2020-06-14 00:00:00+00:00,5313.119585952404,2761.5414640617587,7810.999431420389,6,8074.661050014163
2020-06-15 00:00:00+00:00,5364.332176251682,895.4405604396165,9228.636374244192,0,6259.772736691299
2020-06-16 00:00:00+00:00,4514.490884072928,476.30734377949784,9389.38889360348,1,4990.798227852425
2020-06-17 00:00:00+00:00,3712.590648653931,979.6876355305654,9549.87967752201,2,4692.278284184496
2020-06-18 00:00:00+00:00,4154.0638583982245,1739.1964600054084,9360.27718256073,3,5893.2603184036325
2020-06-19 00:00:00+00:00,5140.74213253297,5287.792299567833,9189.494536968283,4,10428.534432100801
2020-06-20 00:00:00+00:00,5373.72728828188,1909.3514176816045,8294.047930412644,5,7283.078705963484
2020-06-21 00:00:00+00:00,3322.1182412358885,7046.484751695248,7830.47248329267,6,10368.602992931137
2020-06-22 00:00:00+00:00,6317.510079174583,2023.316997382506,9326.820814681236,0,8340.827076557089
2020-06-23 00:00:00+00:00,6722.396889021309,1809.7578180408084,9543.432481171105,1,8532.154707062118
2020-06-24 00:00:00+00:00,6675.067235825751,5731.55444948441,9615.881803330858,2,12406.621685310161
2020-06-25 00:00:00+00:00,6554.558745348219,5712.1802754236205,9767.035372865173,3,12266.73902077184
2020-06-26 00:00:00+00:00,5244.046502173438,5375.015944772411,9935.913917471094,4,10619.062446945849
2020-06-27 00:00:00+00:00,4070.965889504795,9498.759496706447,8515.65983663944,5,13569.725386211241
2020-06-28 00:00:00+00:00,5009.714013196985,12831.806249330319,7925.586428344118,6,17841.520262527305
2020-06-29 00:00:00+00:00,5466.030271757827,13953.71551464623,9107.062480110322,0,19419.745786404055
2020-06-30 00:00:00+00:00,3147.578728461082,12585.803922669129,9598.82290654503,1,15733.38265113021
2020-07-01 00:00:00+00:00,1888.7520718016076,10866.105368158416,9774.94315901135,2,12754.857439960024
2020-07-02 00:00:00+00:00,4057.881446039341,7894.080152457535,9706.196111170044,3,11951.961598496877
2020-07-03 00:00:00+00:00,4882.462394846296,9526.416023348249,9333.12194123263,4,14408.878418194545
2020-07-04 00:00:00+00:00,1493.0887825624668,14262.973942415136,8201.447900710724,5,15756.062724977603
2020-07-05 00:00:00+00:00,2543.726741095162,15883.83276612463,7708.258046037976,6,18427.55950721979
2020-07-06 00:00:00+00:00,5214.497920380274,8670.656899111686,9137.720799830275,0,13885.15481949196
2020-07-07 00:00:00+00:00,4817.114644901023,3840.704707917281,9564.418383366925,1,8657.819352818304
2020-07-08 00:00:00+00:00,872.7327454107641,5279.168728857232,9924.196955553198,2,6151.9014742679965
2020-07-09 00:00:00+00:00,2290.470494417863,9926.095342085526,9375.335572292352,3,12216.565836503389
2020-07-10 00:00:00+00:00,3664.3955030177945,3595.039772640301,9399.304219794209,4,7259.435275658096
2020-07-11 00:00:00+00:00,5319.233355224068,978.8240666568022,8312.960398854355,5,6298.057421880871
2020-07-12 00:00:00+00:00,5801.391301594126,817.0267208873968,7900.870228068315,6,6618.418022481523
2020-07-13 00:00:00+00:00,6266.124871001032,1406.2192265892472,9099.517379866342,0,7672.3440975902795
2020-07-14 00:00:00+00:00,1565.4611126747352,2027.5391731168586,9603.690709663731,1,3593.000285791594
2020-07-15 00:00:00+00:00,3590.092097445039,1049.2164101046487,9586.291307945263,2,4639.308507549687
2020-07-16 00:00:00+00:00,1428.487663007787,2460.307083560812,9723.103419963934,3,3888.794746568599
2020-07-17 00:00:00+00:00,3685.5200612940553,366.70744276464495,9424.264518934975,4,4052.2275040587
2020-07-18 00:00:00+00:00,5296.709353597899,2421.21305277337,8353.083933382837,5,7717.922406371269
2020-07-19 00:00:00+00:00,4745.242674422241,2752.319645490308,7820.214920971677,6,7497.562319912549
2020-07-20 00:00:00+00:00,5736.291748716104,2604.2239615488625,8350.924805346345,0,8340.515710264966
2020-07-21 00:00:00+00:00,5926.998311286237,1467.2838781768364,7899.689226689296,1,7394.282189463074
2020-07-22 00:00:00+00:00,5649.517622040842,810.9313532902357,8726.965923411477,2,6460.448975331078
2020-07-23 00:00:00+00:00,5081.464802827032,4960.75034823383,8786.454093561048,3,10042.215151060862
2020-07-24 00:00:00+00:00,3750.0703630734592,4084.7611345534697,8812.894999469609,4,7834.8314976269285
2020-07-25 00:00:00+00:00,2862.7920067548553,9958.579945813286,7899.352833351013,5,12821.37195256814
2020-07-26 00:00:00+00:00,4688.287675516778,10529.271413191556,7521.303850641773,6,15217.559088708334
2020-07-27 00:00:00+00:00,3881.4108578040473,8992.955599548954,8506.186615041901,0,12874.366457353
2020-07-28 00:00:00+00:00,4615.246896206649,8019.614621228742,8531.419145009017,1,12634.86151743539
2020-07-29 00:00:00+00:00,5540.345404509491,2405.2491466357806,8767.54681871221,2,7945.594551145272
2020-07-30 00:00:00+00:00,5824.049316696376,1297.8088055962323,8874.124213429512,3,7121.858122292609
2020-07-31 00:00:00+00:00,6025.846702317292,6072.434549898208,8907.034496658534,4,12098.2812522155
2020-08-01 00:00:00+00:00,4643.865121806299,7170.580364204114,8321.0402227644,5,11814.445486010412
2020-08-02 00:00:00+00:00,4881.40694874441,3808.2947257244027,7918.47488490506,6,8689.701674468814
2020-08-03 00:00:00+00:00,3611.1502017074777,1599.1905157942538,8915.071257027686,0,5210.340717501731
2020-08-04 00:00:00+00:00,5480.14868971684,2340.0363030578246,8909.532614829744,1,7820.184992774664
2020-08-05 00:00:00+00:00,5875.465178096758,4253.254009153575,9014.665216930094,2,10128.719187250332
2020-08-06 00:00:00+00:00,5695.042530568847,1225.2977207904526,9280.762518298505,3,6920.340251359299
2020-08-07 00:00:00+00:00,5834.568596178504,1645.277285970131,9359.462978678264,4,7479.845882148635
2020-08-08 00:00:00+00:00,5406.5265659692905,2637.7245661746324,8660.451579505676,5,8044.251132143923
2020-08-09 00:00:00+00:00,4528.555680645464,5104.783304165029,8411.17989604328,6,9633.338984810493
2020-08-10 00:00:00+00:00,4565.207023798355,3020.970564674548,9868.567300307626,0,7586.177588472903
2020-08-11 00:00:00+00:00,4841.311724051663,2689.871625448367,10147.093735016442,1,7531.18334950003
2020-08-12 00:00:00+00:00,4875.285332028195,2304.4883896545216,10201.627974965524,2,7179.773721682716
2020-08-13 00:00:00+00:00,3962.261938268131,819.1167616549908,10202.50320356423,3,4781.3786999231215
2020-08-14 00:00:00+00:00,3513.3014244949613,926.3721433345748,9812.299157738411,4,4439.673567829536
2020-08-15 00:00:00+00:00,3515.386058729712,343.69849838511345,8646.530045613663,5,3859.0845571148257
2020-08-16 00:00:00+00:00,3839.361103292992,1383.5604294118548,8524.399463243873,6,5222.921532704847
2020-08-17 00:00:00+00:00,4090.006098133034,2392.1310634780525,9685.54389731622,0,6482.137161611086
2020-08-18 00:00:00+00:00,4035.6623510648283,4911.2826485159885,9919.774827622785,1,8946.944999580817
2020-08-19 00:00:00+00:00,3152.109328579917,5079.4011398598905,9860.457180439163,2,8231.510468439807
2020-08-20 00:00:00+00:00,3510.9883666385217,4885.270346805178,10164.324994165694,3,8396.2587134437
2020-08-21 00:00:00+00:00,3985.0673921881357,11516.954395399742,9557.034609101518,4,15502.021787587877
2020-08-22 00:00:00+00:00,3756.9112174375337,13456.38658292047,8193.842316749762,5,17213.297800358003
2020-08-23 00:00:00+00:00,3294.0447724310284,10606.196648791514,8023.397254693964,6,13900.241421222543
2020-08-24 00:00:00+00:00,2927.3087687209454,5924.050584471577,9464.806354089318,0,8851.359353192522
2020-08-25 00:00:00+00:00,1197.567783094099,12313.20699120869,9402.530306566247,1,13510.774774302789
2020-08-26 00:00:00+00:00,1840.1859148763174,13616.873268397716,9497.89798026944,2,15457.059183274034
2020-08-27 00:00:00+00:00,3284.966538449511,2530.7765997071265,9735.423812453591,3,5815.7431381566375
2020-08-28 00:00:00+00:00,3308.256715764456,8237.244819862339,9448.921101092606,4,11545.501535626794
2020-08-29 00:00:00+00:00,2680.340557275542,7710.138706764155,8574.740526148298,5,10390.479264039697
2020-08-30 00:00:00+00:00,2350.5136504362513,9846.25338649483,8051.0284671687705,6,12196.76703693108
2020-08-31 00:00:00+00:00,3039.22741345342,2133.0065825058923,9599.906419857854,0,5172.233995959312
2020-09-01 00:00:00+00:00,3625.469087156394,961.8433189738439,9788.232805770658,1,4587.312406130238
2020-09-02 00:00:00+00:00,4002.8653407136385,423.3540113201716,9894.50172271136,2,4426.21935203381
2020-09-03 00:00:00+00:00,1122.327024070264,11045.410476953986,9810.400250344754,3,12167.73750102425
2020-09-04 00:00:00+00:00,1668.101291553304,4773.161920951977,9839.882870478414,4,6441.2632125052805
2020-09-05 00:00:00+00:00,3373.5458298151802,4358.812372020246,8559.898319719954,5,7732.358201835426
2020-09-06 00:00:00+00:00,3510.894549207243,1035.7932813043312,8294.42879388989,6,4546.687830511574
2020-09-07 00:00:00+00:00,4031.037933514714,3635.1116080052548,9512.98969555532,0,7666.149541519969
2020-09-08 00:00:00+00:00,1523.989898989899,5147.620421705367,9880.796155722923,1,6671.610320695267
2020-09-09 00:00:00+00:00,1833.208243424962,4788.931200015455,10008.971647395778,2,6622.139443440417
2020-09-10 00:00:00+00:00,4181.650092253808,587.833351041224,9834.719789964995,3,4769.483443295032
2020-09-11 00:00:00+00:00,4221.518591487632,2081.539403276282,9702.873510130476,4,6303.057994763914
2020-09-12 00:00:00+00:00,4157.585921130813,3587.641381408647,8490.759913015805,5,7745.227302539461
2020-09-13 00:00:00+00:00,4441.24847538511,3489.2641888498247,8129.290934549697,6,7930.512664234935
2020-09-14 00:00:00+00:00,4480.829971542046,1388.1710485646952,9760.678847989817,0,5869.001020106742
2020-09-15 00:00:00+00:00,4479.121712480846,898.0768023413052,10032.34757611117,1,5377.198514822152
2020-09-16 00:00:00+00:00,3542.663476874003,7188.985651779161,9967.97580566458,2,10731.649128653164
2020-09-17 00:00:00+00:00,4673.4918847921945,10566.115428080207,9541.669364591067,3,15239.607312872402
2020-09-18 00:00:00+00:00,4642.657222378585,10503.727108526833,9431.872266892968,4,15146.384330905417
2020-09-19 00:00:00+00:00,4025.702067110736,8318.972636479544,8560.21891587992,5,12344.67470359028
2020-09-20 00:00:00+00:00,4414.411960118049,5475.024026387977,8156.081542378275,6,9889.435986506025
2020-09-21 00:00:00+00:00,4510.847640491604,957.9876270138702,9586.010529330646,0,5468.835267505474
2020-09-22 00:00:00+00:00,4087.6992008970697,1844.8867258432178,9755.227306672325,1,5932.5859267402875
2020-09-23 00:00:00+00:00,2795.8141789411143,10662.429852605957,9692.341336586402,2,13458.244031547072
2020-09-24 00:00:00+00:00,2603.492353879351,12200.777295908512,9469.97971358863,3,14804.269649787864
2020-09-25 00:00:00+00:00,1923.1908872001752,11754.932653672297,9633.62560517662,4,13678.123540872471
2020-09-26 00:00:00+00:00,1641.9848641210872,13558.13601108836,8774.50893815636,5,15200.120875209446
2020-09-27 00:00:00+00:00,1954.0920036276075,8805.753455699805,8418.172960644955,6,10759.845459327413
2020-09-28 00:00:00+00:00,420.83763329893367,5741.418056770535,10118.061875464093,0,6162.255690069469
2020-09-29 00:00:00+00:00,1920.8063608218408,2576.486264482102,10061.778584915668,1,4497.292625303942
2020-09-30 00:00:00+00:00,1586.1048566156926,7008.841826328478,9997.887654609101,2,8594.946682944172
2020-10-01 00:00:00+00:00,761.9773587265848,8596.242600872929,10041.115875676249,3,9358.219959599513
2020-10-02 00:00:00+00:00,738.3666385214374,11477.744609165984,9924.384033096425,4,12216.111247687422
2020-10-03 00:00:00+00:00,1094.087156393658,5161.853801834496,8919.02152540575,5,6255.940958228154
2020-10-04 00:00:00+00:00,1993.5617787784972,14063.898756969857,8195.797920865598,6,16057.460535748354
2020-10-05 00:00:00+00:00,1287.5191543922197,12878.027501842542,9719.860778614617,0,14165.546656234761
2020-10-06 00:00:00+00:00,1581.6993464052289,16126.877733515961,9999.860678901028,1,17708.57707992119
2020-10-07 00:00:00+00:00,1776.917784657723,12380.757616856057,10023.481355680493,2,14157.67540151378
2020-10-08 00:00:00+00:00,750.3127247709292,13338.30587581235,10076.218612496023,3,14088.618600583279
2020-10-09 00:00:00+00:00,2089.1851956093446,6139.3731659803225,9799.471416145116,4,8228.558361589667
2020-10-10 00:00:00+00:00,2482.8900459705415,11460.463635691116,8665.181860613133,5,13943.353681661658
2020-10-11 00:00:00+00:00,2039.9193170091005,8661.899803399816,8488.489014532724,6,10701.819120408916
2020-10-12 00:00:00+00:00,1874.3167354253005,4402.36794497885,9709.69713376472,0,6276.684680404151
2020-10-13 00:00:00+00:00,975.2165619038685,9899.270427252328,9970.30112867296,1,10874.486989156196
2020-10-14 00:00:00+00:00,1384.9759201926386,10178.915695061234,9991.02194123263,2,11563.891615253873
2020-10-15 00:00:00+00:00,1714.7832817337462,6884.2883499259115,10130.418298504297,3,8599.071631659657
2020-10-16 00:00:00+00:00,2316.1569252900526,2234.1195472591426,10025.920721332343,4,4550.276472549195
2020-10-17 00:00:00+00:00,2250.621540482222,113.78263686354333,9149.010805134189,5,2364.404177345765
2020-10-18 00:00:00+00:00,1644.1270288019516,539.3418937731319,8771.939516283017,6,2183.4689225750835
2020-10-19 00:00:00+00:00,2352.9685398880447,6029.84141964612,9847.783190834836,0,8382.809959534165
2020-10-20 00:00:00+00:00,608.0620445945524,13993.542121085091,10256.80286623528,1,14601.604165679644
2020-10-21 00:00:00+00:00,1195.993051310805,15779.022065400386,9993.637348042856,2,16975.01511671119
2020-10-22 00:00:00+00:00,1544.234918847922,11479.370431063278,10083.16893815636,3,13023.6053499112
2020-10-23 00:00:00+00:00,1664.1101416643214,7200.790547947356,9918.90403521799,4,8864.900689611677
2020-10-24 00:00:00+00:00,840.8778184319981,13594.743018675897,8832.062170361727,5,14435.620837107896
2020-10-25 00:00:00+00:00,788.4338743471872,373.06117919759333,8869.756942823804,6,1161.4950535447806
2020-10-26 00:00:00+00:00,1578.4040091315635,12631.927242239673,10062.937946324388,0,14210.331251371237
2020-10-27 00:00:00+00:00,909.8531757200489,13451.144181688162,10382.03402354938,1,14360.99735740821
2020-10-28 00:00:00+00:00,1317.6619132501487,15969.890692987628,10361.533397687494,2,17287.552606237776
2020-10-29 00:00:00+00:00,548.7847882397596,14685.367409204118,10461.061355680493,3,15234.152197443878
2020-10-30 00:00:00+00:00,607.9369546861808,14803.67386786764,10216.94442134295,4,15411.61082255382
2020-10-31 00:00:00+00:00,1985.892203771461,12904.102487653643,9015.271568897846,5,14889.994691425105
2020-11-01 00:00:00+00:00,278.4696813334585,14881.269853368096,8658.009400657686,6,15159.739534701554
2020-11-02 00:00:00+00:00,598.6529380492229,17481.44908010393,9560.639611753475,0,18080.10201815315
2020-11-03 00:00:00+00:00,1638.7364355630611,11947.174068502947,10172.384260103956,1,13585.910504066009
2020-11-04 00:00:00+00:00,2091.030271757826,1207.3145580530977,10605.01119550228,2,3298.344829810924
2020-11-05 00:00:00+00:00,1946.6256997216751,290.1382702322214,10720.29359287154,3,2236.7639699538963
2020-11-06 00:00:00+00:00,2247.3379303874663,4941.148844497549,10314.236645804604,4,7188.486774885016
2020-11-07 00:00:00+00:00,2228.4219908058917,2665.4221299623614,9444.1110766946,5,4893.844120768254
2020-11-08 00:00:00+00:00,1348.5753761067522,5764.6127514386335,9087.931231568899,6,7113.188127545385
2020-11-09 00:00:00+00:00,1502.4079807361543,2376.0774340201265,10250.672911848944,0,3878.485414756281
2020-11-10 00:00:00+00:00,728.2304468836977,735.3625894732595,10498.507268484142,1,1463.5930363569573
2020-11-11 00:00:00+00:00,984.0714028425066,5543.973318866669,9256.408895725044,2,6528.044721709175
2020-11-12 00:00:00+00:00,1492.9480564155488,11422.86805370301,10122.034000212157,3,12915.81611011856
2020-11-13 00:00:00+00:00,461.60521624917914,9049.421856470657,10504.96333722287,4,9511.027072719837
2020-11-14 00:00:00+00:00,1177.8778497044752,12566.229827184627,9074.941731197623,5,13744.107676889102
2020-11-15 00:00:00+00:00,510.23782718829165,17605.440019009915,8756.68322902302,6,18115.677846198207
2020-11-16 00:00:00+00:00,507.6813021859462,14364.140193641095,10294.51365227538,0,14871.821495827042
2020-11-17 00:00:00+00:00,482.8626825530851,13234.25405137609,10500.259565079028,1,13717.116733929175
2020-11-18 00:00:00+00:00,1894.142665040498,14600.104427085194,9978.1081807574,2,16494.247092125694
2020-11-19 00:00:00+00:00,643.6735778841042,14413.42965523463,10532.285639121672,3,15057.103233118734
2020-11-20 00:00:00+00:00,1353.9848953935643,6152.1998622610745,10652.9489233054,4,7506.184757654639
2020-11-21 00:00:00+00:00,554.2030209212872,14766.630985097354,9637.890302323114,5,15320.834006018642
2020-11-22 00:00:00+00:00,146.83600713012478,5405.449708789988,9572.620473109155,6,5552.285715920113
2020-11-23 00:00:00+00:00,1183.1863526909967,2282.950627416207,10706.167128460804,0,3466.136980107204
2020-11-24 00:00:00+00:00,1049.3206054351565,8804.189045574862,10636.47863371168,1,9853.509651010017
2020-11-25 00:00:00+00:00,1125.1368170872815,9271.54426018135,10906.716526996925,2,10396.681077268631
2020-11-26 00:00:00+00:00,707.7938831034807,522.5976549177857,10949.058807680069,3,1230.3915380212663
2020-11-27 00:00:00+00:00,823.4325061354984,1210.9325321299148,10870.071184894452,4,2034.3650382654132
2020-11-28 00:00:00+00:00,1590.4673671701537,3377.0064006794537,9885.3354640925,5,4967.473767849608
2020-11-29 00:00:00+00:00,1135.4098258123026,2053.2368647452163,10012.531638909515,6,3188.646690557519
2020-11-30 00:00:00+00:00,519.5335710041593,7640.361685695615,11204.069952264772,0,8159.895256699774
2020-12-01 00:00:00+00:00,329.59236326109396,15134.266848264953,10860.883286305294,1,15463.859211526047
2020-12-02 00:00:00+00:00,352.0420927541671,1874.827001229969,11238.00499628726,2,2226.8690939841363
2020-12-03 00:00:00+00:00,211.87103230446886,10652.226815964514,11084.641877585658,3,10864.097848268982
2020-12-04 00:00:00+00:00,963.1922944616445,16240.226807163304,11032.252050493264,4,17203.41910162495
2020-12-05 00:00:00+00:00,1034.9274478531445,6643.919024473963,10413.768390792406,5,7678.846472327107
2020-12-06 00:00:00+00:00,764.0999781092661,2568.865062059527,10288.497848732364,6,3332.965040168793
2020-12-07 00:00:00+00:00,412.7720023840377,2067.449717591197,11435.566023125066,0,2480.221719975235
2020-12-08 00:00:00+00:00,566.2781061387873,741.8341280091885,11737.598875570171,1,1308.1122341479759
2020-12-09 00:00:00+00:00,577.0911843439225,6265.987946743883,11771.395856582158,2,6843.079131087806
2020-12-10 00:00:00+00:00,804.6877443162274,6795.456045660674,11588.75721226265,3,7600.143789976902
2020-12-11 00:00:00+00:00,125.5316321105795,10046.839485745342,11633.358597645061,4,10172.371117855922
2020-12-12 00:00:00+00:00,211.46839916189765,5425.950475595347,10497.72162936247,5,5637.418874757244
2020-12-13 00:00:00+00:00,495.71957969790793,10568.347991013967,9839.986742335845,6,11064.067570711875
2020-12-14 00:00:00+00:00,429.75419833004975,14179.926421890368,11000.811986846293,0,14609.680620220417
2020-12-15 00:00:00+00:00,278.4384088563655,9217.40087087966,11117.4446101623,1,9495.839279736025
2020-12-16 00:00:00+00:00,0.0,12369.319094443577,10985.939700859235,2,12369.319094443577
2020-12-17 00:00:00+00:00,763.3807111361292,11558.900992996438,10861.09492521481,3,12322.281704132567
2020-12-18 00:00:00+00:00,1021.9689151577697,15190.043411964805,10354.56954704572,4,16212.012327122575
2020-12-19 00:00:00+00:00,431.25136817087287,15640.384788869993,9693.15142887451,5,16071.636157040866
2020-12-20 00:00:00+00:00,588.1766582230979,13081.6647707395,9334.04466956614,6,13669.841428962598
2020-12-21 00:00:00+00:00,283.5162773243269,15971.226096465654,10298.241678158482,0,16254.74237378998
2020-12-22 00:00:00+00:00,448.40041279669765,9028.196501809538,10220.325017502917,1,9476.596914606236
2020-12-23 00:00:00+00:00,187.00550395596838,12558.454814240724,9970.184056433649,2,12745.460318196692
2020-12-24 00:00:00+00:00,450.51912311974235,14491.702759466734,9510.61438421555,3,14942.221882586477
2020-12-25 00:00:00+00:00,902.8442317916002,10830.21218926829,8820.33785085393,4,11733.05642105989
2020-12-26 00:00:00+00:00,408.42636895268475,14190.318958300773,9137.028320780737,5,14598.745327253459
2020-12-27 00:00:00+00:00,132.30603246083123,12751.25191882385,9080.9147957993,6,12883.55795128468
2020-12-28 00:00:00+00:00,388.1840172697368,5124.900178340895,10010.83398323963,0,5513.0841956106315
2020-12-29 00:00:00+00:00,488.30800262688814,3942.3400123746746,10080.594539089849,1,4430.648015001563
2020-12-30 00:00:00+00:00,496.0205772899272,5566.229128441841,10044.634210247163,2,6062.249705731768
2020-12-31 00:00:00+00:00,309.3786158801639,1736.674209936992,9981.48845231781,3,2046.0528258171557
2021-01-01 00:00:00+00:00,700.2078256393266,2488.145040603062,9035.077659913015,4,3188.3528662423887
2021-01-02 00:00:00+00:00,526.7184226162555,1457.412815281224,9827.27163678795,5,1984.1312378974794
2021-01-03 00:00:00+00:00,316.0044339460801,7607.747445314859,9809.669468547789,6,7923.751879260939
2021-01-04 00:00:00+00:00,180.68000369495508,14166.234373762265,11435.375266786888,0,14346.91437745722
2021-01-05 00:00:00+00:00,230.9742804734821,10746.095447704156,11759.077303489976,1,10977.069728177637
2021-01-06 00:00:00+00:00,287.3157471067182,4566.0294851236295,11799.42762490718,2,4853.345232230347
2021-01-07 00:00:00+00:00,206.2543712638066,8386.635779936329,11754.135383473003,3,8592.890151200136
2021-01-08 00:00:00+00:00,281.76011823856214,4335.838063042329,11575.886731728015,4,4617.598181280891
2021-01-09 00:00:00+00:00,654.8747014344344,586.4819528863179,10783.166903574838,5,1241.3566543207523
2021-01-10 00:00:00+00:00,585.3765555101019,2398.791542402528,10445.51292882147,6,2984.16809791263
2021-01-11 00:00:00+00:00,388.7587590229483,13309.454101305337,11817.10953643789,0,13698.212860328285
2021-01-12 00:00:00+00:00,351.4990960556355,12205.200681677561,11549.049381563595,1,12556.699777733196
2021-01-13 00:00:00+00:00,890.7316011032082,5157.94195036,11793.602794102047,2,6048.673551463208
2021-01-14 00:00:00+00:00,292.5381702054659,9536.096368311413,12202.972171422509,3,9828.634538516879
2021-01-15 00:00:00+00:00,699.7387138917115,3030.902430617257,12157.177233478307,4,3730.6411445089684
2021-01-16 00:00:00+00:00,384.92524314123966,10133.103217201226,11102.708872387822,5,10518.028460342466
2021-01-17 00:00:00+00:00,542.6404412832052,10228.0606444679,10358.716847353347,6,10770.701085751105
2021-01-18 00:00:00+00:00,760.2621080051141,12090.607557971496,11585.086748700542,0,12850.86966597661
2021-01-19 00:00:00+00:00,149.16401641615752,18767.759156295564,11518.99286941763,1,18916.923172711722
2021-01-20 00:00:00+00:00,563.7750049478909,18871.89214764828,11386.558306990559,2,19435.667152596172
2021-01-21 00:00:00+00:00,906.8305455678804,15984.93843706579,11363.77574626074,3,16891.768982633672
2021-01-22 00:00:00+00:00,807.6454618347477,8361.802399145334,11360.312918213642,4,9169.44786098008
2021-01-23 00:00:00+00:00,568.0031566561814,6099.607029157559,10616.07798451257,5,6667.61018581374
2021-01-24 00:00:00+00:00,1108.463327371756,7660.427054720468,10438.824122202184,6,8768.890382092224
2021-01-25 00:00:00+00:00,1232.2170717647284,9681.697899516788,11599.341105335738,0,10913.914971281516
2021-01-26 00:00:00+00:00,1161.3528380667724,11294.967917907525,11530.050894239948,1,12456.320755974297
2021-01-27 00:00:00+00:00,347.87100844397025,7556.723323263746,11703.74422403734,2,7904.594331707716
2021-01-28 00:00:00+00:00,159.58710017310332,9652.159252209993,11340.179089848309,3,9811.746352383096
2021-01-29 00:00:00+00:00,393.888497188625,15928.800127600449,11190.032211732258,4,16322.688624789074
2021-01-30 00:00:00+00:00,248.93111817556323,13618.865383668428,10932.074893391324,5,13867.796501843992
2021-01-31 00:00:00+00:00,1261.3073106422573,11983.625501249244,10587.298447013896,6,13244.932811891502
2021-02-01 00:00:00+00:00,359.0488657813086,2105.931922163727,11813.255565927655,0,2464.9807879450354
2021-02-02 00:00:00+00:00,445.5158461089593,11472.946457053671,11629.631545560624,1,11918.46230316263
2021-02-03 00:00:00+00:00,457.02635037831817,11266.71330363126,11468.323744563488,2,11723.73965400958
2021-02-04 00:00:00+00:00,1339.2225961366582,6087.005414455247,11415.317394717302,3,7426.228010591905
2021-02-05 00:00:00+00:00,846.0679558155714,2596.1146091808096,11087.727737350164,4,3442.182564996381
2021-02-06 00:00:00+00:00,281.0434238725245,10068.793983082236,10327.330775432269,5,10349.83740695476
2021-02-07 00:00:00+00:00,261.2126293642836,15099.87518278336,10883.120952583005,6,15361.087812147643
2021-02-08 00:00:00+00:00,403.8901140720192,13669.554447496484,12325.91306248011,0,14073.444561568504
2021-02-09 00:00:00+00:00,954.4191981906464,12620.082512101704,12105.9517449878,1,13574.50171029235
2021-02-10 00:00:00+00:00,1103.861800609131,7136.9708381593855,12142.343033838973,2,8240.832638768516
2021-02-11 00:00:00+00:00,1913.3529747863868,5076.943498264763,11958.647385170256,3,6990.296473051149
2021-02-12 00:00:00+00:00,2200.5071044469187,14967.952697914505,11680.483636363637,4,17168.459802361423
2021-02-13 00:00:00+00:00,2069.2209239461563,14624.924799232685,10841.021580566457,5,16694.14572317884
2021-02-14 00:00:00+00:00,1683.7959862270604,14954.427264533286,10412.458631590114,6,16638.223250760348
2021-02-15 00:00:00+00:00,397.1035493136482,15675.757306517258,11529.785588204095,0,16072.860855830906
2021-02-16 00:00:00+00:00,1560.4072603368772,15277.02892205454,11060.001092606344,1,16837.43618239142
2021-02-17 00:00:00+00:00,990.9676374131835,15766.704739842813,11029.940793465577,2,16757.672377255996
2021-02-18 00:00:00+00:00,784.59976820661,16190.32270495822,11210.508168028005,3,16974.92247316483
2021-02-19 00:00:00+00:00,1512.8936444401827,13424.482372511953,10783.018020579188,4,14937.376016952136
2021-02-20 00:00:00+00:00,2253.9979948193163,16155.758184305574,9599.25484035218,5,18409.75617912489
2021-02-21 00:00:00+00:00,2312.148167327795,11468.377140679495,9076.915512888512,6,13780.52530800729
2021-02-22 00:00:00+00:00,1797.4483782541927,10300.297270506528,10297.395771719528,0,12097.74564876072
2021-02-23 00:00:00+00:00,1792.7543290272595,12937.555530815724,10213.189994696086,1,14730.309859842982
2021-02-24 00:00:00+00:00,2605.8857360258694,12841.361706591762,10070.961722711361,2,15447.247442617632
2021-02-25 00:00:00+00:00,2133.298508401,4635.293941333767,10133.976991619815,3,6768.592449734768
2021-02-26 00:00:00+00:00,2673.1783609297872,1806.6200225655828,10271.35931685584,4,4479.79838349537
2021-02-27 00:00:00+00:00,2339.4259248592093,846.6824954023161,9913.348297443514,5,3186.1084202615257
2021-02-28 00:00:00+00:00,2817.1074324198594,5097.5966798192185,9256.145537286517,6,7914.704112239078
2021-03-01 00:00:00+00:00,3013.2422775995087,6113.811678010118,10514.681739683887,0,9127.053955609626
2021-03-02 00:00:00+00:00,3639.537307440196,1523.2324875878592,10613.268250769068,1,5162.769795028055
2021-03-03 00:00:00+00:00,2626.419161623496,648.0186604950298,10487.540888936035,2,3274.437822118526
2021-03-04 00:00:00+00:00,642.7336135470281,3668.5942327166695,11062.239531133977,3,4311.327846263697
2021-03-05 00:00:00+00:00,3139.725491225152,6820.7475973221035,10558.687376683993,4,9960.473088547256
2021-03-06 00:00:00+00:00,3848.2671105271825,1735.2119430593707,9771.703222658321,5,5583.479053586553
2021-03-07 00:00:00+00:00,3079.624032450154,502.7136504646926,9392.887968600828,6,3582.3376829148465
2021-03-08 00:00:00+00:00,2332.661194712683,1082.972940569449,10461.692485414236,0,3415.634135282132
2021-03-09 00:00:00+00:00,1110.738492506604,4489.432820291041,10793.018175453484,1,5600.171312797645
2021-03-10 00:00:00+00:00,1376.755889631496,14281.191458477402,10686.757373501645,2,15657.947348108899
2021-03-11 00:00:00+00:00,2476.5306998734513,18359.58170175322,10474.767896467592,3,20836.112401626673
2021-03-12 00:00:00+00:00,1416.9390337219045,18293.319388631142,10447.529341253845,4,19710.258422353047
2021-03-13 00:00:00+00:00,2408.524190134782,19041.89298261765,9730.35930200488,5,21450.417172752434
2021-03-14 00:00:00+00:00,2274.381937932268,15063.267663348914,9388.354827622785,6,17337.64960128118
2021-03-15 00:00:00+00:00,2574.070581661098,14025.030883162093,10238.895358014215,0,16599.10146482319
2021-03-16 00:00:00+00:00,1057.191924398102,6086.443951075077,10944.132143842156,1,7143.635875473179
2021-03-17 00:00:00+00:00,1591.7910793234782,11188.61637010981,10806.623765779144,2,12780.407449433289
2021-03-18 00:00:00+00:00,1793.19055674258,4995.8438864184745,10934.892092924578,3,6789.034443161055
2021-03-19 00:00:00+00:00,4085.789713742673,8032.258720612825,10434.812504508327,4,12118.048434355498
2021-03-20 00:00:00+00:00,4134.532654165402,1355.7419131075205,9505.46493688342,5,5490.2745672729225
2021-03-21 00:00:00+00:00,2609.631995087261,8257.793047488349,9223.090807255754,6,10867.42504257561
2021-03-22 00:00:00+00:00,1826.5450545441106,1036.2665736068323,10673.469674339663,0,2862.811628150943
2021-03-23 00:00:00+00:00,3118.736688756753,6452.7691009948985,10439.670677840246,1,9571.505789751653
2021-03-24 00:00:00+00:00,3756.016348610754,5627.549065155444,10251.442212793041,2,9383.565413766199
2021-03-25 00:00:00+00:00,2709.3843692467944,7620.328721019605,10259.857023443301,3,10329.7130902664
2021-03-26 00:00:00+00:00,0.0,14756.97627616505,10006.383939747533,4,14756.97627616505
2021-03-27 00:00:00+00:00,3616.151271873484,15003.357540308683,9246.978413068844,5,18619.50881218217
2021-03-28 00:00:00+00:00,3522.9196608427433,14948.046171665423,8727.372754853082,6,18470.965832508165
2021-03-29 00:00:00+00:00,4984.497472607896,11907.902808941519,9017.799550228068,0,16892.400281549417
2021-03-30 00:00:00+00:00,4947.068509849045,1048.6902079570307,9688.38035642304,1,5995.758717806076
2021-03-31 00:00:00+00:00,5043.959742344033,1339.0179611479741,9842.963969449454,2,6382.977703492007
2021-04-01 00:00:00+00:00,4877.940346125921,9245.542817299476,9885.49743927018,3,14123.483163425397
2021-04-02 00:00:00+00:00,4657.655872187302,10728.389620976535,9973.57958417312,4,15386.045493163838
2021-04-03 00:00:00+00:00,3662.0822589470836,9821.527514840034,9174.626578975283,5,13483.609773787117
2021-04-04 00:00:00+00:00,3360.3636551466607,4748.033915348185,8860.349831335525,6,8108.397570494845
2021-04-05 00:00:00+00:00,2758.910695917484,16957.01511004074,9224.520451893497,0,19715.92580595822
2021-04-06 00:00:00+00:00,3016.8037802245217,16117.506274298034,10923.38839291397,1,19134.310054522553
2021-04-07 00:00:00+00:00,2823.4606509848836,13209.205683179502,11089.691240055161,2,16032.666334164385
2021-04-08 00:00:00+00:00,3294.6326509418627,6244.152954247798,10521.36968070436,3,9538.785605189662
2021-04-09 00:00:00+00:00,3510.232329395751,4688.586881182486,10320.893966267105,4,8198.819210578236
2021-04-10 00:00:00+00:00,932.3372540593535,8526.974826254187,8984.866761429936,5,9459.31208031354
2021-04-11 00:00:00+00:00,1632.904796582667,9826.004870469109,9090.169886496235,6,11458.909667051776
2021-04-12 00:00:00+00:00,4118.742054564308,2630.346601947774,10557.20471411902,0,6749.088656512082
2021-04-13 00:00:00+00:00,4889.679611688876,707.9166847705769,10606.64533785934,1,5597.596296459453
2021-04-14 00:00:00+00:00,4293.020135677129,3726.820270586215,10629.198082104593,2,8019.8404062633435
2021-04-15 00:00:00+00:00,3934.7421447515862,5263.352926936756,10647.382365545773,3,9198.095071688342
2021-04-16 00:00:00+00:00,3926.5033286471653,6100.648430339257,10379.285206322265,4,10027.151758986423
2021-04-17 00:00:00+00:00,4791.154383874959,5378.184995065391,9003.146693539833,5,10169.33937894035
2021-04-18 00:00:00+00:00,4500.092173769165,1820.313518344951,8733.895474700328,6,6320.405692114116
2021-04-19 00:00:00+00:00,3451.1064446439927,800.1974877979645,10150.801202927762,0,4251.303932441957
2021-04-20 00:00:00+00:00,4503.490886592171,466.61069972130326,10156.55894982497,1,4970.101586313474
2021-04-21 00:00:00+00:00,4401.024279915162,8282.121509307479,9993.908064071285,2,12683.14578922264
2021-04-22 00:00:00+00:00,5544.274947294891,4681.919986923805,10008.990149570383,3,10226.194934218696
2021-04-23 00:00:00+00:00,6085.715112585025,3585.1106200640984,9899.388028004667,4,9670.825732649124
2021-04-24 00:00:00+00:00,5642.594315299416,7593.309105128889,8955.773011562533,5,13235.903420428305
2021-04-25 00:00:00+00:00,5590.287087804641,10532.454621255853,8728.738886178,6,16122.741709060494
2021-04-26 00:00:00+00:00,6237.638142786526,8442.727504081138,9875.69431632545,0,14680.365646867664
2021-04-27 00:00:00+00:00,5878.1763959877735,3571.018536335065,9918.396253314946,1,9449.194932322838
2021-04-28 00:00:00+00:00,5140.025753257787,7758.404869641501,9968.52243131431,2,12898.430622899288
2021-04-29 00:00:00+00:00,3119.628715725207,10278.749009457482,10324.360040309748,3,13398.377725182689
2021-04-30 00:00:00+00:00,4357.2808646666645,870.8094620345486,10041.226023125066,4,5228.090326701213
2021-05-01 00:00:00+00:00,5266.792607791261,1817.7091415436118,8735.245808846928,5,7084.501749334872
2021-05-02 00:00:00+00:00,5094.541503576701,1989.2561051557868,8735.128087408508,6,7083.797608732488
2021-05-03 00:00:00+00:00,4015.6258175494,12174.239273691812,9817.075099183197,0,16189.865091241212
2021-05-04 00:00:00+00:00,3199.6142581353024,18652.07336325134,10221.254021427814,1,21851.68762138664
2021-05-05 00:00:00+00:00,4381.376195996997,10392.64174327207,10418.839501432056,2,14774.017939269066
2021-05-06 00:00:00+00:00,2866.5945722368956,2562.382971151678,10397.597706587461,3,5428.977543388573
2021-05-07 00:00:00+00:00,5228.1605386187985,4903.57547054649,10030.16248011032,4,10131.736009165288
2021-05-08 00:00:00+00:00,2197.089945942178,11783.970694424617,9099.467066935398,5,13981.060640366795
2021-05-09 00:00:00+00:00,4605.950062346239,10011.001487624168,8395.342791980482,6,14616.951549970407
2021-05-10 00:00:00+00:00,3593.134941805466,10680.47995017804,9783.7202227644,0,14273.614891983507
2021-05-11 00:00:00+00:00,3437.648925574603,2417.629794691313,10065.703318128779,1,5855.278720265916
2021-05-12 00:00:00+00:00,4901.234407559341,4106.734447706597,9883.678491566776,2,9007.968855265939
2021-05-13 00:00:00+00:00,3899.575284744177,3090.409375963387,8715.609807998302,3,6989.984660707564
2021-05-14 00:00:00+00:00,4325.607973342765,1393.0074422588714,9030.186485626393,4,5718.615415601636
2021-05-15 00:00:00+00:00,2527.5126957177226,6006.309988599709,8877.009795268908,5,8533.82268431743
2021-05-16 00:00:00+00:00,4029.241891721785,9485.611012143068,8470.997534740638,6,13514.852903864854
2021-05-17 00:00:00+00:00,3041.6731164183834,6965.045487367609,9729.30738304869,0,10006.718603785992
2021-05-18 00:00:00+00:00,4028.150429212761,5826.866616596424,9885.78265407871,1,9855.017045809185
2021-05-19 00:00:00+00:00,3417.5032732537506,3384.5063632658216,9994.868770552668,2,6802.009636519572
2021-05-20 00:00:00+00:00,3715.861053356671,8049.9947240033025,9885.86683356317,3,11765.855777359973
2021-05-21 00:00:00+00:00,5063.270745993243,18726.23680742198,9715.513849580992,4,23789.507553415224
2021-05-22 00:00:00+00:00,1759.8135384795942,11909.426654335319,9083.413887769173,5,13669.240192814912
2021-05-23 00:00:00+00:00,4617.603065181522,10776.862064756135,8381.361531770446,6,15394.465129937656
2021-05-24 00:00:00+00:00,2753.4079671644217,10867.641277742949,8544.779879070755,0,13621.04924490737
2021-05-25 00:00:00+00:00,3306.9672422272556,13498.455477829435,9825.6310024398,1,16805.42272005669
2021-05-26 00:00:00+00:00,3743.5226109434743,7385.516561457086,9906.45337010714,2,11129.03917240056
2021-05-27 00:00:00+00:00,4308.82563534881,3758.141069806609,9929.570160178211,3,8066.966705155419
2021-05-28 00:00:00+00:00,5445.246366922647,1535.8291901241619,9776.53456242707,4,6981.075557046809
2021-05-29 00:00:00+00:00,6082.80774389753,4915.797161720679,8566.486825076907,5,10998.60490561821
2021-05-30 00:00:00+00:00,6551.971089593096,5356.209434309703,8142.090760581309,6,11908.1805239028
2021-05-31 00:00:00+00:00,6337.680307153756,5738.530396982544,9492.973480428556,0,12076.2107041363
2021-06-01 00:00:00+00:00,6861.940185323022,6801.323033760172,9710.737042537392,1,13663.263219083194
2021-06-02 00:00:00+00:00,6380.1687838805565,4936.665280424397,10046.474256921609,2,11316.834064304952
2021-06-03 00:00:00+00:00,3536.57999326649,2291.5019210835035,10111.895565927654,3,5828.081914349994
2021-06-04 00:00:00+00:00,4215.723466614638,3451.825494857455,9880.019280789222,4,7667.548961472093
2021-06-05 00:00:00+00:00,2282.839286014466,7392.379495200912,8954.248367455182,5,9675.218781215379
2021-06-06 00:00:00+00:00,5775.98690386625,1549.261774265964,8195.761565715498,6,7325.248678132214
2021-06-07 00:00:00+00:00,6097.056834869973,1073.0627264281916,9382.044395884162,0,7170.119561298165
2021-06-08 00:00:00+00:00,5998.190818747279,501.3598622861411,9611.269892860932,1,6499.55068103342
2021-06-09 00:00:00+00:00,6396.70223927036,2067.0113651175925,9624.064200700117,2,8463.713604387953
2021-06-10 00:00:00+00:00,0.0,47.50931575495376,84.12278773735017,3,47.50931575495376
